borrower_id,name,loan_scheme,borrower_category,region,loan_amount,amount_band,emi_amount,outstanding_amount,current_balance,repayment_consistency,inflow_stability,balance_trend,missed_payments_90d,days_past_due,avg_monthly_inflow,avg_monthly_outflow,regional_stress_factor,peer_score
BORR_00001,Rahul Singh,Mudra,Women-led,West Bengal,1200000.0,mid,16628.72,944628.45,25000.0,0.77,0.85,0.07,1,43,39557.29,38159.39,0.49,82.0
BORR_00002,Ravi Saha,MSME,Micro Enterprise,Bihar,250000.0,small,3946.49,203503.35,25000.0,0.73,0.75,-0.23,2,44,5756.15,5328.43,0.72,74.0
BORR_00003,Rahul Jain,Mudra,Small Business,Jharkhand,800000.0,mid,18543.38,662453.46,25000.0,0.73,0.68,0.04,3,38,19662.99,15973.38,0.78,71.0
BORR_00004,Rahul Yadav,MSME,Agri-linked,Jharkhand,1200000.0,mid,16303.8,978404.19,29267.19,0.72,0.83,-0.28,3,31,34079.32,31989.72,0.78,71.0
BORR_00005,Isha Saha,MSME,Micro Enterprise,Maharashtra,400000.0,small,8830.69,308867.73,25000.0,0.85,0.82,0.06,1,22,10604.13,9014.91,0.38,87.0
BORR_00006,Arjun Das,Mudra,Small Business,Tamil Nadu,400000.0,small,7606.4,294722.07,25000.0,0.91,0.88,-0.24,1,13,9138.85,8127.73,0.34,89.0
BORR_00007,Arjun Nair,PMEGP,Women-led,West Bengal,800000.0,mid,11667.96,628232.1,25000.0,0.82,0.81,0.06,2,45,32582.55,29317.14,0.49,82.0
BORR_00008,Ananya Das,MSME,Agri-linked,Maharashtra,4000000.0,large,64909.53,3028495.59,298409.76,0.86,0.89,-0.15,1,32,177693.18,167833.14,0.38,87.0
BORR_00009,Ravi Kumar,Mudra,Women-led,Uttar Pradesh,800000.0,mid,15036.42,633105.21,30620.05,0.76,0.76,-0.38,2,25,32265.29,34944.17,0.64,76.0
BORR_00010,Rahul Patel,MSME,Micro Enterprise,Odisha,2400000.0,large,45643.04,1755684.83,102577.44,0.92,0.88,-0.03,2,25,82780.59,63095.18,0.57,79.0
BORR_00011,Neha Patel,Stand-Up India,Micro Enterprise,West Bengal,1200000.0,mid,17310.49,954936.73,46309.78,0.79,0.83,0.04,2,23,26535.2,23638.7,0.49,82.0
BORR_00012,Isha Kumar,MSME,Women-led,Karnataka,250000.0,small,3990.54,177570.23,25000.0,0.93,0.91,-0.01,0,7,6407.01,5173.7,0.41,85.0
BORR_00013,Diya Nair,Mudra,Women-led,Tamil Nadu,1200000.0,mid,20072.62,928282.88,30877.25,0.85,0.77,-0.15,1,25,23683.4,22826.67,0.34,89.0
BORR_00014,Isha Yadav,MSME,Small Business,Bihar,4000000.0,large,49718.64,3111545.44,128831.17,0.82,0.84,-0.13,2,32,115283.49,86732.53,0.72,74.0
BORR_00015,Arjun Sharma,Mudra,Small Business,Uttar Pradesh,250000.0,small,5366.7,193081.08,25000.0,0.83,0.84,-0.13,1,38,9547.3,7586.36,0.64,76.0
BORR_00016,Neha Patel,MSME,Women-led,Odisha,1200000.0,mid,19484.96,887024.1,70074.12,0.89,0.91,-0.2,0,34,39527.5,36645.97,0.57,79.0
BORR_00017,Rahul Yadav,Mudra,Women-led,West Bengal,800000.0,mid,13147.09,571760.46,29966.32,0.95,0.94,-0.23,1,27,31926.84,29751.35,0.49,82.0
BORR_00018,Isha Patel,Stand-Up India,Agri-linked,Uttar Pradesh,4000000.0,large,94655.22,3282886.34,386793.02,0.75,0.73,-0.25,3,51,258060.84,266305.94,0.64,76.0
BORR_00019,Ravi Saha,Mudra,Women-led,Bihar,800000.0,mid,19330.6,659064.68,38738.83,0.75,0.75,-0.24,3,55,30268.04,25490.1,0.72,74.0
BORR_00020,Ananya Yadav,PMEGP,Small Business,Uttar Pradesh,800000.0,mid,16380.4,611633.03,66007.1,0.85,0.79,-0.23,2,32,47295.49,46493.6,0.64,76.0
BORR_00021,Isha Reddy,MSME,Micro Enterprise,West Bengal,1200000.0,mid,22337.5,931319.47,68020.97,0.8,0.84,0.1,2,39,45252.44,38918.52,0.49,82.0
BORR_00022,Neha Nair,MSME,Agri-linked,Uttar Pradesh,250000.0,small,3634.54,202007.52,25000.0,0.75,0.72,-0.09,1,48,10709.42,11629.85,0.64,76.0
BORR_00023,Diya Jain,MSME,Micro Enterprise,Karnataka,250000.0,small,6097.48,181211.48,25000.0,0.91,0.9,0.13,0,13,9876.94,8172.08,0.41,85.0
BORR_00024,Diya Patel,MSME,Women-led,Maharashtra,400000.0,small,7695.37,310545.87,25000.0,0.83,0.82,-0.35,2,44,10730.05,9950.32,0.38,87.0
BORR_00025,Pooja Jain,Mudra,Micro Enterprise,Uttar Pradesh,250000.0,small,5758.18,186794.31,25000.0,0.88,0.86,-0.23,1,17,14142.61,10644.26,0.64,76.0
BORR_00026,Pooja Jain,PMEGP,Micro Enterprise,Bihar,1200000.0,mid,26853.4,982494.95,25000.0,0.76,0.79,0.02,2,37,32660.06,31069.91,0.72,74.0
BORR_00027,Ananya Jain,Mudra,Small Business,Odisha,250000.0,small,3503.89,203949.17,25000.0,0.77,0.8,-0.3,1,34,7228.51,6149.01,0.57,79.0
BORR_00028,Aarav Das,MSME,Agri-linked,Jharkhand,1200000.0,mid,17766.81,990423.48,57482.94,0.71,0.7,-0.16,2,43,43454.83,48249.67,0.78,71.0
BORR_00029,Rahul Sharma,Stand-Up India,Women-led,Tamil Nadu,4000000.0,large,50135.51,2902815.36,73404.15,0.9,0.92,-0.24,0,6,107714.26,107218.77,0.34,89.0
BORR_00030,Diya Yadav,Stand-Up India,Micro Enterprise,Odisha,400000.0,small,5613.47,298889.15,25000.0,0.87,0.89,-0.05,1,36,15369.13,14473.75,0.57,79.0
BORR_00031,Isha Yadav,Stand-Up India,Small Business,West Bengal,800000.0,mid,12176.4,592753.22,46191.76,0.89,0.8,-0.32,0,10,36548.64,36602.12,0.49,82.0
BORR_00032,Rahul Jain,Mudra,Agri-linked,Bihar,400000.0,small,8769.49,333580.43,25000.0,0.71,0.73,-0.11,2,54,23629.73,19479.34,0.72,74.0
BORR_00033,Arjun Yadav,MSME,Agri-linked,Odisha,800000.0,mid,14832.62,640100.14,46247.24,0.79,0.73,-0.38,3,23,32900.64,36062.13,0.57,79.0
BORR_00034,Diya Kumar,Mudra,Small Business,Karnataka,400000.0,small,7781.51,282907.29,25000.0,0.95,0.95,-0.04,2,19,13125.96,10889.09,0.41,85.0
BORR_00035,Ravi Singh,MSME,Small Business,Jharkhand,4000000.0,large,48947.53,3048847.64,106060.75,0.85,0.78,-0.23,2,14,138563.48,115387.62,0.78,71.0
BORR_00036,Rahul Das,Mudra,Micro Enterprise,Jharkhand,2400000.0,large,39668.1,2072531.68,130062.86,0.64,0.69,0.04,3,45,80072.84,76098.81,0.78,71.0
BORR_00037,Ananya Singh,Stand-Up India,Micro Enterprise,Jharkhand,1200000.0,mid,20203.48,1006498.17,91469.17,0.7,0.79,-0.0,2,50,49082.66,37364.15,0.78,71.0
BORR_00038,Ananya Reddy,MSME,Small Business,Maharashtra,4000000.0,large,73821.18,2927666.51,226019.19,0.88,0.84,-0.34,2,28,146056.49,161059.46,0.38,87.0
BORR_00039,Neha Singh,Mudra,Agri-linked,Karnataka,1200000.0,mid,23345.63,914726.92,47519.72,0.84,0.81,-0.22,2,33,65302.28,67643.19,0.41,85.0
BORR_00040,Arjun Saha,Mudra,Agri-linked,West Bengal,400000.0,small,9866.09,327722.8,42869.19,0.72,0.8,-0.14,3,50,23637.41,24932.4,0.49,82.0
BORR_00041,Diya Sharma,PMEGP,Micro Enterprise,Uttar Pradesh,4000000.0,large,52373.55,3298061.24,173064.67,0.71,0.8,-0.07,1,27,154674.08,134521.33,0.64,76.0
BORR_00042,Rahul Singh,MSME,Micro Enterprise,Uttar Pradesh,1200000.0,mid,18092.29,983240.23,45902.79,0.75,0.73,-0.07,2,36,43208.58,35408.98,0.64,76.0
BORR_00043,Neha Reddy,MSME,Small Business,Odisha,4000000.0,large,73616.51,2896811.37,409787.34,0.9,0.84,-0.3,0,21,210466.66,200647.87,0.57,79.0
BORR_00044,Vikram Jain,PMEGP,Micro Enterprise,Maharashtra,1200000.0,mid,18857.11,953316.32,108374.61,0.77,0.86,-0.4,3,19,54455.48,50702.43,0.38,87.0
BORR_00045,Diya Singh,Mudra,Micro Enterprise,West Bengal,2400000.0,large,36693.29,1895796.39,151188.86,0.77,0.77,-0.29,1,45,92643.58,80940.91,0.49,82.0
BORR_00046,Rahul Saha,PMEGP,Agri-linked,Bihar,800000.0,mid,12522.02,674986.55,32451.25,0.73,0.7,-0.13,2,38,22899.46,19724.24,0.72,74.0
BORR_00047,Neha Patel,Mudra,Micro Enterprise,Jharkhand,1200000.0,mid,20021.38,946969.12,25000.0,0.79,0.74,-0.26,2,35,32928.59,25462.82,0.78,71.0
BORR_00048,Isha Singh,Mudra,Agri-linked,Karnataka,4000000.0,large,97389.6,3072072.14,199400.38,0.84,0.81,0.07,3,16,114943.1,100067.78,0.41,85.0
BORR_00049,Ravi Jain,Mudra,Micro Enterprise,Maharashtra,250000.0,small,4224.4,192686.55,25000.0,0.82,0.87,-0.11,1,15,5946.44,4313.96,0.38,87.0
BORR_00050,Aarav Nair,MSME,Micro Enterprise,Jharkhand,1200000.0,mid,27081.26,1010177.67,30356.42,0.74,0.71,-0.06,4,57,38877.46,34998.18,0.78,71.0
BORR_00051,Aarav Jain,PMEGP,Small Business,Karnataka,800000.0,mid,12457.21,577509.07,50283.77,0.93,0.92,-0.34,1,5,28506.83,25955.02,0.41,85.0
BORR_00052,Ravi Das,Stand-Up India,Micro Enterprise,West Bengal,400000.0,small,9231.34,305573.08,39675.47,0.84,0.88,-0.19,1,14,25020.61,24223.05,0.49,82.0
BORR_00053,Ravi Nair,PMEGP,Small Business,Odisha,800000.0,mid,18992.77,628547.63,59139.89,0.83,0.8,-0.09,2,22,48031.44,45100.49,0.57,79.0
BORR_00054,Ravi Nair,MSME,Agri-linked,Jharkhand,1200000.0,mid,19048.17,962011.75,33434.68,0.79,0.81,-0.19,3,44,22758.18,16803.38,0.78,71.0
BORR_00055,Arjun Singh,Stand-Up India,Small Business,Tamil Nadu,400000.0,small,6509.51,301304.05,25000.0,0.84,0.8,-0.31,1,13,9515.14,9290.11,0.34,89.0
BORR_00056,Vikram Kumar,PMEGP,Women-led,Maharashtra,250000.0,small,5914.56,186519.61,25000.0,0.88,0.81,-0.28,0,14,10372.74,8202.81,0.38,87.0
BORR_00057,Diya Jain,Mudra,Micro Enterprise,West Bengal,250000.0,small,4736.88,185135.67,25000.0,0.9,0.81,-0.21,1,12,10376.37,10325.67,0.49,82.0
BORR_00058,Arjun Das,PMEGP,Small Business,Odisha,800000.0,mid,19177.07,597796.78,55469.21,0.85,0.91,-0.0,1,13,37848.56,34586.36,0.57,79.0
BORR_00059,Vikram Jain,PMEGP,Small Business,Odisha,4000000.0,large,72051.81,3271412.89,185618.41,0.72,0.74,-0.06,3,37,151355.06,115464.05,0.57,79.0
BORR_00060,Ananya Patel,MSME,Micro Enterprise,Maharashtra,800000.0,mid,13730.5,555751.99,36587.62,0.97,0.89,-0.07,1,1,33874.36,27549.56,0.38,87.0
BORR_00061,Pooja Das,Stand-Up India,Small Business,West Bengal,250000.0,small,5207.08,196813.32,25000.0,0.8,0.75,-0.13,2,39,10241.88,7896.82,0.49,82.0
BORR_00062,Pooja Patel,MSME,Small Business,West Bengal,4000000.0,large,94781.66,3088553.52,194588.1,0.81,0.83,-0.23,3,14,151674.32,131371.61,0.49,82.0
BORR_00063,Pooja Jain,MSME,Small Business,Odisha,4000000.0,large,57701.49,3025423.3,217438.36,0.83,0.91,-0.34,1,21,187933.25,143734.27,0.57,79.0
BORR_00064,Diya Saha,Mudra,Micro Enterprise,Karnataka,1200000.0,mid,28711.37,829114.03,125453.2,0.99,0.93,0.01,1,18,70717.08,64398.35,0.41,85.0
BORR_00065,Isha Patel,Mudra,Women-led,Maharashtra,2400000.0,large,34635.76,1750274.81,51859.33,0.89,0.89,-0.24,0,21,63544.71,60526.04,0.38,87.0
BORR_00066,Ananya Sharma,MSME,Agri-linked,Bihar,1200000.0,mid,19402.02,967576.37,37209.74,0.76,0.77,-0.14,2,27,46842.73,35373.16,0.72,74.0
BORR_00067,Ananya Sharma,Mudra,Small Business,West Bengal,250000.0,small,5470.74,193202.27,27659.53,0.82,0.81,-0.22,3,38,17039.97,13115.99,0.49,82.0
BORR_00068,Neha Reddy,MSME,Small Business,Tamil Nadu,250000.0,small,3666.26,177926.2,25000.0,0.95,0.93,-0.34,2,26,10552.66,10972.81,0.34,89.0
BORR_00069,Arjun Singh,Mudra,Micro Enterprise,Jharkhand,2400000.0,large,54214.73,1985140.97,126098.85,0.73,0.73,0.01,2,50,101060.85,88001.54,0.78,71.0
BORR_00070,Ananya Saha,MSME,Women-led,Odisha,4000000.0,large,76068.62,3045436.7,147967.06,0.85,0.82,-0.19,2,15,122882.0,115157.6,0.57,79.0
BORR_00071,Isha Reddy,Stand-Up India,Small Business,Bihar,800000.0,mid,16128.16,632051.38,45301.03,0.77,0.85,-0.09,2,42,43709.53,34122.72,0.72,74.0
BORR_00072,Neha Singh,Mudra,Women-led,Uttar Pradesh,2400000.0,large,53091.44,1820581.04,151043.52,0.83,0.88,-0.13,2,13,121828.91,106177.38,0.64,76.0
BORR_00073,Neha Sharma,Mudra,Micro Enterprise,Maharashtra,1200000.0,mid,20597.68,936319.77,50041.24,0.79,0.79,-0.03,2,33,52535.7,49230.67,0.38,87.0
BORR_00074,Arjun Patel,Mudra,Agri-linked,Karnataka,2400000.0,large,54596.12,1914478.51,117587.58,0.77,0.76,-0.2,2,37,158663.62,123066.88,0.41,85.0
BORR_00075,Neha Kumar,Mudra,Small Business,Odisha,250000.0,small,3058.86,200620.5,25000.0,0.8,0.77,-0.07,3,43,4138.89,3934.08,0.57,79.0
BORR_00076,Arjun Jain,Stand-Up India,Women-led,Maharashtra,4000000.0,large,52020.7,2785807.66,92194.94,0.97,0.98,-0.29,0,3,86567.61,91328.51,0.38,87.0
BORR_00077,Aarav Das,MSME,Women-led,Uttar Pradesh,4000000.0,large,74979.58,3173608.23,178645.13,0.78,0.74,-0.24,3,19,132099.4,116150.71,0.64,76.0
BORR_00078,Aarav Das,Mudra,Women-led,Maharashtra,800000.0,mid,19198.79,593898.28,27338.12,0.87,0.92,-0.08,0,33,32869.43,31260.56,0.38,87.0
BORR_00079,Neha Nair,PMEGP,Women-led,Uttar Pradesh,2400000.0,large,57343.19,1876306.82,206908.58,0.81,0.83,-0.39,2,22,175275.88,136621.43,0.64,76.0
BORR_00080,Pooja Sharma,PMEGP,Small Business,West Bengal,1200000.0,mid,22747.09,893094.15,64811.04,0.86,0.85,-0.17,1,30,43940.69,39867.07,0.49,82.0
BORR_00081,Arjun Saha,Mudra,Small Business,Uttar Pradesh,2400000.0,large,43528.49,1930042.27,67151.01,0.74,0.83,-0.18,2,32,82158.35,77545.66,0.64,76.0
BORR_00082,Ravi Kumar,Stand-Up India,Women-led,West Bengal,250000.0,small,4086.68,178194.2,25158.12,0.94,0.87,0.09,1,25,13870.46,14646.03,0.49,82.0
BORR_00083,Ananya Patel,MSME,Women-led,West Bengal,250000.0,small,4793.1,184873.5,25000.0,0.86,0.88,-0.07,1,22,14985.8,14126.94,0.49,82.0
BORR_00084,Ananya Reddy,Mudra,Women-led,Uttar Pradesh,800000.0,mid,12128.99,640494.99,25000.0,0.8,0.81,-0.22,3,29,19810.24,21366.02,0.64,76.0
BORR_00085,Isha Nair,PMEGP,Agri-linked,Odisha,250000.0,small,3675.63,186282.94,25000.0,0.85,0.88,-0.16,2,30,7061.11,5816.73,0.57,79.0
BORR_00086,Pooja Patel,PMEGP,Micro Enterprise,Maharashtra,1200000.0,mid,27358.21,877917.31,109358.38,0.91,0.86,0.06,1,34,78557.13,60150.82,0.38,87.0
BORR_00087,Vikram Yadav,PMEGP,Women-led,Odisha,800000.0,mid,18903.34,651567.31,51945.09,0.75,0.7,-0.29,2,42,29365.72,22780.23,0.57,79.0
BORR_00088,Isha Das,MSME,Agri-linked,Karnataka,1200000.0,mid,16463.51,932782.83,40698.35,0.83,0.83,0.01,2,40,34863.96,26038.85,0.41,85.0
BORR_00089,Diya Singh,PMEGP,Women-led,Maharashtra,4000000.0,large,91146.57,2936419.93,195026.38,0.86,0.85,0.09,2,20,230658.56,227432.72,0.38,87.0
BORR_00090,Isha Sharma,Mudra,Small Business,Maharashtra,2400000.0,large,54948.94,1751568.35,52863.1,0.91,0.87,-0.19,2,11,76001.92,78159.95,0.38,87.0
BORR_00091,Ravi Das,Mudra,Agri-linked,Jharkhand,800000.0,mid,12602.41,632479.34,33421.09,0.81,0.76,-0.13,2,39,37096.77,37580.1,0.78,71.0
BORR_00092,Neha Yadav,PMEGP,Small Business,Karnataka,1200000.0,mid,22821.55,860303.1,56073.27,0.94,0.94,0.11,0,21,51341.8,44038.61,0.41,85.0
BORR_00093,Diya Saha,Mudra,Micro Enterprise,Uttar Pradesh,250000.0,small,4610.35,201836.56,25000.0,0.76,0.74,-0.0,3,42,7379.67,7055.65,0.64,76.0
BORR_00094,Aarav Jain,Mudra,Agri-linked,Odisha,1200000.0,mid,26995.91,977506.13,111872.98,0.77,0.78,-0.16,2,52,67285.94,65642.8,0.57,79.0
BORR_00095,Vikram Reddy,Stand-Up India,Micro Enterprise,Odisha,2400000.0,large,50399.03,1949949.06,109180.78,0.74,0.77,-0.3,3,49,57604.62,57733.08,0.57,79.0
BORR_00096,Vikram Nair,MSME,Women-led,Karnataka,400000.0,small,7753.32,317452.75,42257.52,0.76,0.83,-0.25,3,44,23387.27,21275.06,0.41,85.0
BORR_00097,Isha Yadav,MSME,Agri-linked,Uttar Pradesh,800000.0,mid,12918.64,658676.5,50077.18,0.71,0.78,-0.3,1,26,31013.81,26546.27,0.64,76.0
BORR_00098,Pooja Jain,Mudra,Small Business,Karnataka,1200000.0,mid,23329.87,932648.87,84405.82,0.82,0.83,-0.03,2,28,67702.31,60052.11,0.41,85.0
BORR_00099,Vikram Das,MSME,Women-led,Karnataka,400000.0,small,4910.6,312054.3,25000.0,0.81,0.87,0.0,3,26,13130.39,11564.88,0.41,85.0
BORR_00100,Arjun Jain,Mudra,Women-led,Maharashtra,250000.0,small,4887.46,180974.81,25000.0,0.9,0.84,-0.19,1,24,5941.59,5388.57,0.38,87.0
BORR_00101,Neha Reddy,Mudra,Small Business,West Bengal,400000.0,small,6340.8,298501.12,32538.9,0.84,0.81,0.12,1,17,16860.01,13611.11,0.49,82.0
BORR_00102,Arjun Jain,Mudra,Agri-linked,Odisha,2400000.0,large,36880.26,1857906.05,111774.88,0.85,0.86,-0.1,3,45,96174.23,71745.45,0.57,79.0
BORR_00103,Neha Saha,PMEGP,Small Business,Karnataka,2400000.0,large,49068.98,1844153.98,91780.09,0.83,0.79,-0.3,1,19,134776.54,115914.58,0.41,85.0
BORR_00104,Vikram Sharma,Stand-Up India,Agri-linked,Jharkhand,250000.0,small,4684.35,204196.29,25000.0,0.75,0.73,-0.16,2,53,12993.4,11763.6,0.78,71.0
BORR_00105,Neha Jain,Mudra,Agri-linked,Tamil Nadu,2400000.0,large,45553.6,1790361.42,252574.6,0.87,0.81,0.06,1,12,139777.3,154071.01,0.34,89.0
BORR_00106,Neha Yadav,PMEGP,Women-led,Odisha,250000.0,small,4069.42,205080.32,25000.0,0.76,0.72,-0.3,1,46,4580.9,4274.17,0.57,79.0
BORR_00107,Isha Yadav,PMEGP,Agri-linked,Jharkhand,2400000.0,large,56707.77,2104104.7,219325.04,0.62,0.73,-0.2,4,52,121154.64,113583.88,0.78,71.0
BORR_00108,Neha Nair,Stand-Up India,Micro Enterprise,Bihar,250000.0,small,5855.55,205692.62,25000.0,0.75,0.79,0.01,3,50,13778.17,13668.72,0.72,74.0
BORR_00109,Isha Yadav,Mudra,Agri-linked,Jharkhand,4000000.0,large,57839.52,3352752.77,49248.24,0.74,0.71,-0.0,2,55,81866.43,88700.68,0.78,71.0
BORR_00110,Arjun Singh,Mudra,Agri-linked,Bihar,400000.0,small,9127.1,324490.01,25000.0,0.73,0.75,-0.1,3,39,14486.77,14104.35,0.72,74.0
BORR_00111,Pooja Saha,Mudra,Agri-linked,Karnataka,800000.0,mid,10935.87,590995.67,26313.35,0.85,0.88,0.05,1,10,31204.5,32312.97,0.41,85.0
BORR_00112,Aarav Jain,MSME,Agri-linked,Maharashtra,1200000.0,mid,15458.26,858589.16,39895.33,0.93,0.85,-0.07,1,20,20324.85,21719.43,0.38,87.0
BORR_00113,Rahul Das,Stand-Up India,Women-led,Jharkhand,2400000.0,large,42713.9,1967672.42,66846.71,0.75,0.74,-0.39,3,36,111144.2,91249.78,0.78,71.0
BORR_00114,Rahul Sharma,MSME,Small Business,Jharkhand,400000.0,small,6222.86,341942.41,25000.0,0.68,0.7,-0.36,4,52,8637.65,6503.74,0.78,71.0
BORR_00115,Diya Nair,Mudra,Agri-linked,Bihar,4000000.0,large,54829.43,3306771.7,188071.12,0.76,0.67,-0.07,4,53,154255.5,157963.44,0.72,74.0
BORR_00116,Arjun Reddy,PMEGP,Women-led,Odisha,800000.0,mid,13857.07,663221.5,72795.78,0.71,0.71,-0.41,3,36,37226.73,33849.67,0.57,79.0
BORR_00117,Pooja Das,MSME,Small Business,West Bengal,4000000.0,large,58592.46,2900541.07,214482.6,0.88,0.9,-0.09,0,24,109736.95,119035.45,0.49,82.0
BORR_00118,Neha Singh,Stand-Up India,Agri-linked,Jharkhand,1200000.0,mid,26825.98,976921.4,77025.08,0.73,0.73,-0.07,2,28,54443.92,40597.94,0.78,71.0
BORR_00119,Diya Patel,MSME,Small Business,West Bengal,2400000.0,large,47216.23,1774729.68,232159.81,0.91,0.81,-0.15,2,21,152759.09,154096.5,0.49,82.0
BORR_00120,Arjun Jain,MSME,Micro Enterprise,West Bengal,250000.0,small,5795.4,198420.72,25000.0,0.76,0.8,-0.35,1,45,8071.86,7422.52,0.49,82.0
BORR_00121,Ananya Kumar,MSME,Micro Enterprise,Uttar Pradesh,1200000.0,mid,19797.86,957714.3,55560.39,0.81,0.71,-0.15,3,25,52867.7,45631.2,0.64,76.0
BORR_00122,Diya Saha,Stand-Up India,Agri-linked,Jharkhand,4000000.0,large,77512.12,3280909.02,351321.72,0.76,0.71,-0.34,2,45,183870.96,134710.2,0.78,71.0
BORR_00123,Isha Saha,MSME,Agri-linked,Tamil Nadu,250000.0,small,5304.45,190949.83,27635.46,0.85,0.87,-0.22,2,16,15844.05,14878.15,0.34,89.0
BORR_00124,Ravi Jain,MSME,Women-led,Bihar,400000.0,small,7300.7,302824.86,25000.0,0.83,0.85,-0.02,2,28,15922.53,15385.89,0.72,74.0
BORR_00125,Arjun Singh,PMEGP,Women-led,Karnataka,4000000.0,large,65518.58,2881398.47,219191.84,0.93,0.91,-0.12,1,24,111564.45,124788.58,0.41,85.0
BORR_00126,Rahul Yadav,Mudra,Agri-linked,West Bengal,800000.0,mid,10447.88,607068.48,59533.38,0.83,0.84,-0.28,2,15,33356.83,29566.26,0.49,82.0
BORR_00127,Arjun Reddy,Mudra,Agri-linked,Uttar Pradesh,2400000.0,large,39593.17,1832936.57,188250.61,0.87,0.76,0.04,2,27,103275.94,94463.15,0.64,76.0
BORR_00128,Arjun Patel,Mudra,Women-led,Karnataka,400000.0,small,8923.37,301076.23,43347.54,0.89,0.81,-0.21,1,26,25704.18,20931.35,0.41,85.0
BORR_00129,Diya Singh,MSME,Small Business,Maharashtra,1200000.0,mid,28580.91,854962.33,62649.67,0.91,0.98,-0.26,2,14,51208.33,54705.86,0.38,87.0
BORR_00130,Vikram Yadav,PMEGP,Small Business,Uttar Pradesh,250000.0,small,5153.52,188061.5,25000.0,0.87,0.82,-0.18,2,11,12322.82,11823.57,0.64,76.0
BORR_00131,Pooja Singh,MSME,Micro Enterprise,Karnataka,800000.0,mid,18790.58,594124.71,43994.01,0.86,0.87,-0.04,0,19,46137.61,50725.23,0.41,85.0
BORR_00132,Ravi Kumar,MSME,Women-led,Uttar Pradesh,4000000.0,large,56716.2,2923441.17,123631.85,0.91,0.9,-0.13,2,29,139197.2,148566.36,0.64,76.0
BORR_00133,Neha Jain,MSME,Women-led,Karnataka,2400000.0,large,29866.66,1915175.06,32324.98,0.76,0.76,-0.38,2,25,43410.65,32793.37,0.41,85.0
BORR_00134,Pooja Patel,PMEGP,Agri-linked,Tamil Nadu,800000.0,mid,10032.36,561739.68,42098.06,0.97,0.97,-0.35,2,19,31848.21,28723.77,0.34,89.0
BORR_00135,Arjun Das,Mudra,Small Business,Maharashtra,400000.0,small,6581.8,302098.16,25000.0,0.83,0.81,-0.31,2,29,9956.87,7919.09,0.38,87.0
BORR_00136,Pooja Nair,Mudra,Agri-linked,Bihar,2400000.0,large,42645.01,2026315.93,150479.29,0.68,0.75,-0.01,4,48,82841.74,80119.47,0.72,74.0
BORR_00137,Pooja Singh,Stand-Up India,Small Business,Maharashtra,250000.0,small,3098.76,195011.52,25000.0,0.82,0.83,-0.29,2,28,7515.54,5731.63,0.38,87.0
BORR_00138,Ananya Reddy,Mudra,Micro Enterprise,Tamil Nadu,400000.0,small,7945.76,284625.77,25000.0,0.95,0.96,0.02,0,11,11555.01,11326.27,0.34,89.0
BORR_00139,Ananya Patel,Mudra,Micro Enterprise,Maharashtra,1200000.0,mid,24814.46,921254.61,58597.57,0.85,0.86,-0.18,2,18,55573.26,40140.76,0.38,87.0
BORR_00140,Diya Sharma,MSME,Agri-linked,Bihar,1200000.0,mid,23913.38,965340.55,25000.0,0.76,0.79,-0.11,2,34,26412.83,25219.62,0.72,74.0
BORR_00141,Arjun Reddy,PMEGP,Agri-linked,Maharashtra,4000000.0,large,80213.5,3008151.34,175600.12,0.85,0.9,-0.12,1,10,151594.8,132202.53,0.38,87.0
BORR_00142,Diya Das,Mudra,Agri-linked,Jharkhand,2400000.0,large,36477.37,1946893.83,180492.0,0.75,0.78,-0.04,3,37,97279.29,86806.67,0.78,71.0
BORR_00143,Isha Reddy,PMEGP,Micro Enterprise,Uttar Pradesh,2400000.0,large,56818.55,1827161.08,120833.69,0.87,0.77,0.07,1,17,120976.19,99528.4,0.64,76.0
BORR_00144,Diya Jain,Mudra,Small Business,Maharashtra,800000.0,mid,19267.9,597157.06,43538.09,0.87,0.81,-0.02,1,36,56359.13,52357.2,0.38,87.0
BORR_00145,Ananya Saha,MSME,Small Business,Uttar Pradesh,1200000.0,mid,17230.44,934027.2,49180.12,0.83,0.75,-0.12,1,44,35889.59,37411.2,0.64,76.0
BORR_00146,Ravi Saha,Stand-Up India,Women-led,Karnataka,2400000.0,large,48554.32,1893191.72,199948.88,0.8,0.84,0.04,1,25,112596.14,99581.31,0.41,85.0
BORR_00147,Ravi Das,MSME,Micro Enterprise,Maharashtra,250000.0,small,3769.83,192810.04,25000.0,0.81,0.87,-0.18,2,16,9171.15,8260.52,0.38,87.0
BORR_00148,Diya Reddy,MSME,Women-led,Odisha,250000.0,small,5394.84,202877.8,25000.0,0.74,0.72,-0.4,3,39,11541.95,9381.05,0.57,79.0
BORR_00149,Isha Sharma,Mudra,Micro Enterprise,Odisha,2400000.0,large,30623.78,1792283.02,90394.36,0.85,0.88,-0.04,1,20,83890.65,60932.16,0.57,79.0
BORR_00150,Pooja Sharma,PMEGP,Agri-linked,Uttar Pradesh,4000000.0,large,53413.7,3259782.14,69386.02,0.76,0.73,-0.38,1,50,75640.02,64244.75,0.64,76.0
BORR_00151,Vikram Das,Mudra,Women-led,Odisha,250000.0,small,5005.76,190745.87,25000.0,0.86,0.85,-0.36,2,22,11778.12,11684.52,0.57,79.0
BORR_00152,Neha Das,Stand-Up India,Small Business,Odisha,400000.0,small,6531.61,311792.24,25000.0,0.84,0.82,-0.13,2,31,7942.54,7505.05,0.57,79.0
BORR_00153,Isha Das,MSME,Women-led,Odisha,2400000.0,large,48610.75,1926489.78,103613.61,0.75,0.78,-0.2,3,20,81918.28,91133.64,0.57,79.0
BORR_00154,Ravi Nair,Mudra,Women-led,Jharkhand,4000000.0,large,60201.39,3234680.54,91795.28,0.74,0.85,0.05,2,45,126653.62,122782.36,0.78,71.0
BORR_00155,Pooja Saha,PMEGP,Agri-linked,Maharashtra,250000.0,small,4977.58,190322.63,25000.0,0.82,0.79,-0.32,1,20,9768.06,8386.16,0.38,87.0
BORR_00156,Vikram Das,PMEGP,Agri-linked,Maharashtra,250000.0,small,3992.95,185891.82,25000.0,0.87,0.88,-0.12,2,22,13207.97,14007.98,0.38,87.0
BORR_00157,Ravi Patel,Stand-Up India,Women-led,Jharkhand,250000.0,small,3378.19,210314.98,25000.0,0.7,0.78,-0.0,3,52,5331.73,4011.42,0.78,71.0
BORR_00158,Pooja Nair,Mudra,Micro Enterprise,Jharkhand,400000.0,small,5599.71,309486.88,25000.0,0.85,0.82,0.07,2,31,9744.46,9379.51,0.78,71.0
BORR_00159,Vikram Jain,MSME,Small Business,Jharkhand,4000000.0,large,91125.29,3112259.7,137459.27,0.84,0.84,-0.07,1,31,193073.91,156973.06,0.78,71.0
BORR_00160,Ravi Saha,Stand-Up India,Small Business,Karnataka,1200000.0,mid,29466.83,892647.44,73218.01,0.86,0.87,-0.15,0,25,48479.71,46920.37,0.41,85.0
BORR_00161,Arjun Saha,Stand-Up India,Agri-linked,Karnataka,800000.0,mid,13619.19,606838.24,25000.0,0.83,0.81,-0.14,2,27,24346.29,21720.17,0.41,85.0
BORR_00162,Isha Kumar,Mudra,Micro Enterprise,Tamil Nadu,2400000.0,large,32587.21,1747815.45,101452.73,0.87,0.93,-0.33,1,30,98616.99,95272.67,0.34,89.0
BORR_00163,Neha Jain,MSME,Women-led,Uttar Pradesh,1200000.0,mid,24629.29,973577.49,43098.1,0.77,0.8,-0.22,3,34,50844.7,46403.62,0.64,76.0
BORR_00164,Pooja Kumar,PMEGP,Women-led,Jharkhand,2400000.0,large,52802.31,1854497.07,66999.23,0.82,0.82,-0.38,1,36,74337.65,69440.59,0.78,71.0
BORR_00165,Ananya Sharma,Stand-Up India,Agri-linked,West Bengal,2400000.0,large,54830.27,1871205.81,130926.42,0.79,0.77,-0.37,1,22,134638.82,123831.84,0.49,82.0
BORR_00166,Ananya Kumar,PMEGP,Small Business,Karnataka,2400000.0,large,44033.12,1745248.75,180793.06,0.89,0.93,-0.12,1,15,97783.14,101108.41,0.41,85.0
BORR_00167,Rahul Patel,MSME,Micro Enterprise,Karnataka,250000.0,small,3331.99,187328.99,25000.0,0.89,0.88,-0.35,1,38,5591.74,5773.29,0.41,85.0
BORR_00168,Vikram Das,Stand-Up India,Agri-linked,Bihar,400000.0,small,6809.01,319726.25,25000.0,0.76,0.84,-0.18,3,22,20855.4,18713.74,0.72,74.0
BORR_00169,Isha Patel,Stand-Up India,Small Business,Jharkhand,250000.0,small,5425.17,204041.24,25000.0,0.77,0.7,-0.41,2,37,10405.46,11619.1,0.78,71.0
BORR_00170,Rahul Das,MSME,Micro Enterprise,Jharkhand,800000.0,mid,16478.25,624772.78,37487.2,0.79,0.77,-0.06,2,22,19175.0,14436.26,0.78,71.0
BORR_00171,Vikram Patel,Stand-Up India,Small Business,Karnataka,250000.0,small,6171.97,193411.46,25000.0,0.79,0.81,-0.26,1,39,13206.93,14241.37,0.41,85.0
BORR_00172,Vikram Singh,PMEGP,Agri-linked,Maharashtra,1200000.0,mid,18968.02,956215.42,47969.06,0.79,0.79,-0.04,3,39,25255.95,21601.59,0.38,87.0
BORR_00173,Rahul Nair,MSME,Agri-linked,Karnataka,250000.0,small,4209.54,184411.78,25000.0,0.88,0.89,0.1,1,10,6784.71,7292.0,0.41,85.0
BORR_00174,Neha Kumar,Stand-Up India,Women-led,Bihar,800000.0,mid,16583.13,617090.92,71080.56,0.85,0.78,-0.13,2,22,51472.65,52464.88,0.72,74.0
BORR_00175,Pooja Nair,MSME,Women-led,Maharashtra,1200000.0,mid,15240.19,857351.59,81185.12,0.94,0.87,-0.09,2,6,41608.18,31486.92,0.38,87.0
BORR_00176,Ananya Yadav,Stand-Up India,Agri-linked,Karnataka,800000.0,mid,11167.03,587166.3,25000.0,0.88,0.92,0.0,1,8,17026.77,12897.83,0.41,85.0
BORR_00177,Vikram Kumar,Mudra,Agri-linked,Tamil Nadu,250000.0,small,5473.64,176573.1,25000.0,0.93,0.86,-0.23,1,27,8006.03,7050.09,0.34,89.0
BORR_00178,Ravi Saha,Stand-Up India,Small Business,Odisha,800000.0,mid,12833.66,632431.76,48419.77,0.81,0.8,-0.06,2,35,27264.16,28878.72,0.57,79.0
BORR_00179,Aarav Kumar,Stand-Up India,Agri-linked,Odisha,1200000.0,mid,26033.45,879959.77,88706.72,0.92,0.85,-0.21,1,17,79512.43,88937.34,0.57,79.0
BORR_00180,Neha Reddy,MSME,Agri-linked,Karnataka,2400000.0,large,48872.99,1863754.72,49514.13,0.8,0.78,-0.06,1,19,57989.47,45623.45,0.41,85.0
BORR_00181,Ananya Nair,Stand-Up India,Small Business,Karnataka,2400000.0,large,31701.31,1813444.75,114677.18,0.85,0.87,-0.35,2,26,74126.11,71264.48,0.41,85.0
BORR_00182,Diya Jain,Stand-Up India,Agri-linked,Tamil Nadu,400000.0,small,7931.16,276679.8,49304.02,0.95,0.96,-0.27,1,16,28090.53,22583.01,0.34,89.0
BORR_00183,Neha Reddy,Mudra,Small Business,Karnataka,800000.0,mid,14178.07,575542.48,77460.5,0.9,0.9,-0.31,0,18,40632.7,45481.77,0.41,85.0
BORR_00184,Arjun Nair,PMEGP,Women-led,West Bengal,2400000.0,large,34212.58,1884418.22,78663.34,0.8,0.76,-0.06,3,38,88974.51,97883.09,0.49,82.0
BORR_00185,Ananya Saha,MSME,Women-led,Uttar Pradesh,1200000.0,mid,20050.87,930585.71,33925.6,0.79,0.77,0.03,1,28,35228.51,38620.02,0.64,76.0
BORR_00186,Ananya Sharma,MSME,Agri-linked,Tamil Nadu,4000000.0,large,59728.15,2881452.59,291266.94,0.91,0.9,-0.14,2,22,156135.23,115530.2,0.34,89.0
BORR_00187,Rahul Das,Mudra,Women-led,West Bengal,800000.0,mid,14143.25,623041.52,25000.0,0.83,0.76,-0.1,1,38,34386.69,37916.34,0.49,82.0
BORR_00188,Vikram Reddy,Stand-Up India,Micro Enterprise,Uttar Pradesh,1200000.0,mid,15095.68,892364.16,31012.52,0.86,0.84,0.02,2,17,31794.84,33636.26,0.64,76.0
BORR_00189,Arjun Sharma,Stand-Up India,Micro Enterprise,Maharashtra,250000.0,small,4584.61,176332.29,25000.0,0.91,0.98,-0.28,1,9,9394.51,10145.44,0.38,87.0
BORR_00190,Isha Singh,PMEGP,Agri-linked,Maharashtra,800000.0,mid,19619.3,599323.43,95462.17,0.89,0.79,-0.18,1,32,62976.23,51805.0,0.38,87.0
BORR_00191,Isha Reddy,MSME,Small Business,Uttar Pradesh,400000.0,small,5794.19,307647.08,25000.0,0.82,0.89,0.09,1,14,15252.24,13531.73,0.64,76.0
BORR_00192,Ravi Singh,MSME,Agri-linked,West Bengal,4000000.0,large,77183.58,3067950.1,219294.69,0.81,0.89,-0.02,1,31,176619.68,132939.89,0.49,82.0
BORR_00193,Rahul Yadav,Stand-Up India,Small Business,Karnataka,250000.0,small,4393.05,177107.68,25000.0,0.94,0.88,-0.31,2,14,12784.93,10691.21,0.41,85.0
BORR_00194,Vikram Patel,PMEGP,Micro Enterprise,Maharashtra,4000000.0,large,89932.99,3033509.92,222891.94,0.82,0.9,-0.28,1,14,167949.05,171761.59,0.38,87.0
BORR_00195,Ravi Patel,Mudra,Women-led,Bihar,2400000.0,large,49380.44,1853901.92,121603.77,0.81,0.89,-0.11,2,29,112478.56,85220.59,0.72,74.0
BORR_00196,Pooja Singh,MSME,Agri-linked,Uttar Pradesh,1200000.0,mid,22803.75,947858.55,93259.3,0.77,0.83,0.01,2,38,69979.74,56089.22,0.64,76.0
BORR_00197,Rahul Saha,Stand-Up India,Micro Enterprise,Uttar Pradesh,1200000.0,mid,26768.53,947957.66,64408.54,0.8,0.83,-0.21,3,34,37653.35,37591.59,0.64,76.0
BORR_00198,Aarav Saha,MSME,Women-led,Tamil Nadu,800000.0,mid,13376.25,622883.04,36678.15,0.79,0.83,-0.09,1,24,35320.88,37021.62,0.34,89.0
BORR_00199,Ravi Yadav,Mudra,Micro Enterprise,Maharashtra,4000000.0,large,79995.5,2779120.01,413715.67,0.98,0.96,-0.1,2,11,277933.9,274367.45,0.38,87.0
BORR_00200,Ravi Kumar,MSME,Small Business,Maharashtra,1200000.0,mid,29954.42,937481.62,93658.22,0.82,0.76,-0.06,1,18,82836.61,66592.45,0.38,87.0
BORR_00201,Isha Das,MSME,Women-led,Odisha,800000.0,mid,11549.08,638422.75,34074.03,0.8,0.78,-0.06,2,35,30950.57,27970.22,0.57,79.0
BORR_00202,Aarav Nair,Mudra,Agri-linked,Jharkhand,400000.0,small,9060.13,338750.84,26170.09,0.7,0.68,-0.38,2,52,16000.89,17315.27,0.78,71.0
BORR_00203,Pooja Kumar,MSME,Micro Enterprise,Tamil Nadu,400000.0,small,8693.9,297498.49,33937.57,0.88,0.84,0.04,1,36,21942.65,16906.94,0.34,89.0
BORR_00204,Ananya Kumar,Mudra,Small Business,Uttar Pradesh,400000.0,small,6437.58,293859.84,25000.0,0.9,0.83,-0.05,2,9,8666.85,7420.14,0.64,76.0
BORR_00205,Vikram Patel,MSME,Women-led,Maharashtra,4000000.0,large,66739.65,2761058.12,384838.21,0.98,0.92,0.03,2,4,207081.92,153993.89,0.38,87.0
BORR_00206,Diya Reddy,MSME,Agri-linked,Tamil Nadu,800000.0,mid,19034.83,597715.85,87273.34,0.87,0.81,-0.16,1,33,44357.02,38686.43,0.34,89.0
BORR_00207,Ananya Kumar,Stand-Up India,Agri-linked,Odisha,4000000.0,large,72911.64,2914438.42,385052.84,0.89,0.83,0.12,0,24,243852.26,256146.22,0.57,79.0
BORR_00208,Pooja Jain,MSME,Micro Enterprise,West Bengal,1200000.0,mid,14680.9,955295.99,25822.8,0.8,0.75,0.0,2,46,19029.64,19057.7,0.49,82.0
BORR_00209,Ravi Saha,PMEGP,Women-led,West Bengal,250000.0,small,3786.15,181228.78,25000.0,0.9,0.87,-0.06,1,12,10783.56,7971.82,0.49,82.0
BORR_00210,Vikram Sharma,Mudra,Small Business,Tamil Nadu,400000.0,small,8272.58,294880.46,25000.0,0.91,0.82,-0.34,1,31,10267.12,9785.83,0.34,89.0
BORR_00211,Diya Yadav,Stand-Up India,Small Business,Tamil Nadu,400000.0,small,7781.42,301926.44,25000.0,0.84,0.82,-0.14,2,24,9575.13,10220.69,0.34,89.0
BORR_00212,Isha Sharma,MSME,Micro Enterprise,Maharashtra,250000.0,small,3081.71,191493.09,25000.0,0.81,0.9,-0.15,1,21,4610.36,3634.04,0.38,87.0
BORR_00213,Diya Das,Mudra,Agri-linked,Jharkhand,4000000.0,large,78768.25,3344132.75,255836.4,0.7,0.74,-0.38,2,41,177551.78,195344.67,0.78,71.0
BORR_00214,Neha Yadav,Stand-Up India,Small Business,Odisha,250000.0,small,4645.36,198728.79,25000.0,0.76,0.77,-0.22,2,19,6427.65,5339.61,0.57,79.0
BORR_00215,Ravi Reddy,MSME,Agri-linked,Tamil Nadu,2400000.0,large,43556.71,1786066.09,231356.13,0.87,0.86,-0.14,2,23,130957.99,96882.56,0.34,89.0
BORR_00216,Ravi Saha,MSME,Agri-linked,Uttar Pradesh,1200000.0,mid,16085.2,912425.13,46159.13,0.86,0.84,-0.13,1,39,31531.76,23801.34,0.64,76.0
BORR_00217,Rahul Yadav,Mudra,Women-led,Maharashtra,2400000.0,large,39570.96,1766701.47,82869.08,0.91,0.86,-0.03,2,12,69605.16,61101.53,0.38,87.0
BORR_00218,Diya Kumar,Stand-Up India,Women-led,Karnataka,1200000.0,mid,28163.23,920718.85,44943.08,0.82,0.86,-0.24,2,39,74539.23,79395.62,0.41,85.0
BORR_00219,Rahul Das,Mudra,Women-led,Tamil Nadu,4000000.0,large,61395.58,2774155.65,153162.07,0.96,0.96,-0.29,0,10,129084.36,99189.71,0.34,89.0
BORR_00220,Ravi Sharma,Mudra,Small Business,Karnataka,1200000.0,mid,28445.01,892732.17,114773.79,0.86,0.9,-0.17,2,25,88083.24,84513.84,0.41,85.0
BORR_00221,Isha Nair,MSME,Small Business,Jharkhand,800000.0,mid,19098.18,645697.2,25000.0,0.79,0.79,-0.36,3,26,39716.98,30854.33,0.78,71.0
BORR_00222,Ravi Singh,Mudra,Small Business,Odisha,4000000.0,large,75689.62,3123911.23,109842.81,0.78,0.81,0.06,2,20,158197.81,165583.95,0.57,79.0
BORR_00223,Ravi Sharma,Mudra,Small Business,Odisha,2400000.0,large,50405.78,1834607.48,252572.61,0.85,0.8,-0.24,2,26,140272.35,147141.34,0.57,79.0
BORR_00224,Isha Jain,Stand-Up India,Small Business,Maharashtra,250000.0,small,4400.7,180696.66,25000.0,0.91,0.88,-0.06,2,23,8946.94,7038.95,0.38,87.0
BORR_00225,Aarav Reddy,MSME,Micro Enterprise,Maharashtra,1200000.0,mid,15098.54,905640.84,42076.13,0.88,0.81,-0.13,1,13,29333.93,30410.14,0.38,87.0
BORR_00226,Ravi Kumar,PMEGP,Small Business,Jharkhand,250000.0,small,5200.64,208326.42,25000.0,0.71,0.7,0.06,2,47,6723.78,6147.12,0.78,71.0
BORR_00227,Isha Saha,Mudra,Micro Enterprise,Jharkhand,800000.0,mid,15131.89,626993.83,34201.41,0.78,0.78,0.07,2,26,26657.55,20761.56,0.78,71.0
BORR_00228,Vikram Kumar,MSME,Agri-linked,West Bengal,400000.0,small,9480.43,283625.48,62717.6,0.96,0.88,0.08,1,26,32235.78,26928.55,0.49,82.0
BORR_00229,Ravi Sharma,PMEGP,Small Business,West Bengal,1200000.0,mid,14882.63,971958.5,25000.0,0.78,0.82,-0.18,2,29,22682.24,23939.28,0.49,82.0
BORR_00230,Aarav Yadav,PMEGP,Micro Enterprise,Maharashtra,400000.0,small,6148.54,293353.19,25000.0,0.86,0.88,-0.23,2,19,12140.65,11560.17,0.38,87.0
BORR_00231,Vikram Yadav,PMEGP,Micro Enterprise,Uttar Pradesh,800000.0,mid,11165.42,667041.22,45901.25,0.7,0.78,-0.06,2,36,28279.2,25580.75,0.64,76.0
BORR_00232,Ravi Reddy,Stand-Up India,Women-led,West Bengal,1200000.0,mid,27699.9,925754.57,93110.37,0.85,0.76,-0.1,2,26,56629.45,41633.55,0.49,82.0
BORR_00233,Neha Nair,Mudra,Women-led,West Bengal,1200000.0,mid,15300.76,936261.91,25666.32,0.81,0.75,0.09,3,31,19916.39,20351.53,0.49,82.0
BORR_00234,Diya Das,PMEGP,Agri-linked,Maharashtra,400000.0,small,7355.37,301378.23,25000.0,0.86,0.84,-0.08,2,21,19763.26,21300.47,0.38,87.0
BORR_00235,Neha Kumar,PMEGP,Small Business,Odisha,1200000.0,mid,27309.3,969476.52,96736.32,0.77,0.83,-0.32,1,47,52280.68,55354.13,0.57,79.0
BORR_00236,Arjun Saha,PMEGP,Micro Enterprise,Karnataka,800000.0,mid,12843.75,595739.29,75120.86,0.84,0.94,-0.26,2,27,41255.53,30208.12,0.41,85.0
BORR_00237,Isha Yadav,MSME,Women-led,Tamil Nadu,400000.0,small,5499.06,286247.6,25000.0,0.91,0.95,-0.22,0,28,6842.92,7658.11,0.34,89.0
BORR_00238,Diya Saha,Mudra,Micro Enterprise,West Bengal,250000.0,small,3291.89,180824.46,25000.0,0.88,0.89,-0.04,0,1,10930.14,11463.21,0.49,82.0
BORR_00239,Isha Jain,MSME,Women-led,West Bengal,250000.0,small,5749.24,194227.14,25000.0,0.79,0.83,-0.35,1,25,7292.16,6267.82,0.49,82.0
BORR_00240,Diya Saha,MSME,Women-led,Jharkhand,1200000.0,mid,23401.83,1001201.62,78371.08,0.69,0.7,0.01,3,29,61730.71,50427.35,0.78,71.0
BORR_00241,Aarav Patel,Stand-Up India,Agri-linked,Tamil Nadu,400000.0,small,5179.09,292140.74,25000.0,0.88,0.86,-0.22,2,30,10855.87,11750.88,0.34,89.0
BORR_00242,Isha Yadav,PMEGP,Small Business,Maharashtra,2400000.0,large,55077.6,1833287.05,154254.53,0.82,0.78,-0.28,1,32,85049.32,85722.62,0.38,87.0
BORR_00243,Ananya Kumar,Stand-Up India,Women-led,Odisha,400000.0,small,7846.5,317737.91,28427.29,0.76,0.83,-0.28,2,40,21402.26,20139.53,0.57,79.0
BORR_00244,Neha Jain,MSME,Small Business,West Bengal,2400000.0,large,57403.9,1875024.23,71246.64,0.8,0.77,0.04,3,36,95781.24,84381.23,0.49,82.0
BORR_00245,Aarav Reddy,MSME,Women-led,Jharkhand,250000.0,small,4661.17,191474.83,25000.0,0.82,0.87,-0.35,2,12,7739.93,7866.57,0.78,71.0
BORR_00246,Arjun Kumar,MSME,Women-led,Maharashtra,800000.0,mid,18197.83,560498.97,76570.9,0.95,0.97,-0.06,2,25,40071.65,34899.42,0.38,87.0
BORR_00247,Ravi Saha,Mudra,Small Business,Jharkhand,800000.0,mid,10528.61,662782.06,25000.0,0.73,0.73,-0.11,3,28,14151.74,14225.59,0.78,71.0
BORR_00248,Diya Jain,Mudra,Micro Enterprise,West Bengal,250000.0,small,3904.93,180571.89,25000.0,0.92,0.95,-0.23,1,22,13281.39,10119.4,0.49,82.0
BORR_00249,Arjun Reddy,PMEGP,Agri-linked,Odisha,1200000.0,mid,27906.79,948284.67,49001.45,0.77,0.83,-0.01,1,41,41452.3,38999.47,0.57,79.0
BORR_00250,Ravi Nair,Mudra,Women-led,Tamil Nadu,400000.0,small,5902.37,301730.41,25000.0,0.85,0.9,-0.27,2,27,10521.31,8150.23,0.34,89.0
BORR_00251,Isha Nair,Stand-Up India,Small Business,West Bengal,400000.0,small,8632.9,326480.41,25000.0,0.72,0.8,-0.18,2,25,9944.38,9812.58,0.49,82.0
BORR_00252,Vikram Saha,MSME,Women-led,Jharkhand,4000000.0,large,74824.82,3100034.69,131237.33,0.84,0.75,-0.21,2,17,101733.54,90080.68,0.78,71.0
BORR_00253,Pooja Singh,MSME,Agri-linked,Karnataka,4000000.0,large,75608.76,3052104.23,231226.26,0.81,0.85,0.1,2,29,137463.66,141532.11,0.41,85.0
BORR_00254,Pooja Nair,PMEGP,Micro Enterprise,West Bengal,1200000.0,mid,29625.82,894047.61,61071.64,0.84,0.91,0.03,0,13,36300.34,30395.13,0.49,82.0
BORR_00255,Aarav Singh,MSME,Women-led,Karnataka,400000.0,small,5960.97,301954.33,27012.82,0.86,0.85,-0.05,2,36,15333.66,14395.01,0.41,85.0
BORR_00256,Aarav Singh,Stand-Up India,Micro Enterprise,Uttar Pradesh,250000.0,small,3946.22,190722.55,25000.0,0.82,0.9,-0.03,2,28,8485.86,6312.52,0.64,76.0
BORR_00257,Pooja Patel,Stand-Up India,Small Business,Maharashtra,1200000.0,mid,29341.52,934280.07,47281.93,0.83,0.87,-0.13,3,19,54088.02,43819.55,0.38,87.0
BORR_00258,Neha Reddy,Mudra,Agri-linked,Tamil Nadu,400000.0,small,9459.59,309897.72,25000.0,0.81,0.8,0.1,2,40,13845.35,13528.67,0.34,89.0
BORR_00259,Ananya Jain,PMEGP,Small Business,Bihar,1200000.0,mid,19662.51,995924.22,25527.27,0.73,0.68,-0.09,3,54,38538.17,31296.86,0.72,74.0
BORR_00260,Neha Sharma,Mudra,Micro Enterprise,Tamil Nadu,250000.0,small,6113.29,186627.79,25000.0,0.85,0.87,-0.03,0,15,17845.0,16129.49,0.34,89.0
BORR_00261,Ravi Saha,Stand-Up India,Women-led,Karnataka,2400000.0,large,43108.26,1788310.84,161861.65,0.89,0.85,0.07,2,14,140920.62,131182.03,0.41,85.0
BORR_00262,Pooja Das,MSME,Agri-linked,Uttar Pradesh,1200000.0,mid,29385.78,891441.42,71845.31,0.9,0.92,-0.03,3,26,50206.88,44925.03,0.64,76.0
BORR_00263,Isha Nair,Mudra,Women-led,Uttar Pradesh,4000000.0,large,80361.85,3362656.33,266214.17,0.69,0.77,0.02,4,55,160347.35,178133.59,0.64,76.0
BORR_00264,Diya Saha,MSME,Women-led,Karnataka,2400000.0,large,55451.72,1857400.92,216745.75,0.81,0.79,-0.16,2,41,150070.79,159387.6,0.41,85.0
BORR_00265,Ananya Das,Mudra,Agri-linked,West Bengal,2400000.0,large,29082.0,1772174.87,63424.05,0.91,0.82,-0.06,1,18,86460.74,87458.89,0.49,82.0
BORR_00266,Rahul Kumar,Stand-Up India,Women-led,Uttar Pradesh,2400000.0,large,36469.19,1838556.43,147959.24,0.86,0.75,0.06,1,43,112276.75,103055.47,0.64,76.0
BORR_00267,Ananya Jain,Mudra,Micro Enterprise,Bihar,250000.0,small,5065.19,192580.04,25000.0,0.8,0.78,-0.16,1,29,16325.49,14277.12,0.72,74.0
BORR_00268,Arjun Reddy,Stand-Up India,Women-led,Odisha,400000.0,small,8214.48,302168.17,25000.0,0.83,0.91,-0.33,1,15,10255.34,7531.6,0.57,79.0
BORR_00269,Rahul Reddy,Mudra,Women-led,Odisha,400000.0,small,8333.66,299868.51,29587.12,0.86,0.89,-0.1,1,18,24611.96,19136.43,0.57,79.0
BORR_00270,Isha Yadav,MSME,Micro Enterprise,Bihar,400000.0,small,9441.3,312095.29,25011.29,0.83,0.8,-0.15,1,34,13918.03,11866.87,0.72,74.0
BORR_00271,Ravi Nair,MSME,Agri-linked,Karnataka,1200000.0,mid,24322.26,882842.98,53176.85,0.87,0.93,-0.14,0,28,31587.67,31925.65,0.41,85.0
BORR_00272,Isha Yadav,Stand-Up India,Women-led,Tamil Nadu,400000.0,small,9088.9,294901.74,30749.25,0.88,0.82,-0.23,2,17,21554.17,20105.92,0.34,89.0
BORR_00273,Pooja Nair,PMEGP,Women-led,West Bengal,1200000.0,mid,22551.16,859799.55,52950.69,0.95,0.85,-0.21,1,11,27104.39,27422.54,0.49,82.0
BORR_00274,Pooja Yadav,PMEGP,Micro Enterprise,Jharkhand,4000000.0,large,86049.69,3341755.59,99838.4,0.71,0.77,-0.13,3,51,128740.84,106671.5,0.78,71.0
BORR_00275,Pooja Das,Mudra,Women-led,Karnataka,800000.0,mid,19995.26,596988.78,26071.96,0.85,0.9,-0.1,1,18,41453.82,42346.4,0.41,85.0
BORR_00276,Vikram Nair,MSME,Agri-linked,West Bengal,400000.0,small,8859.28,302113.16,25000.0,0.88,0.77,-0.26,2,21,23252.32,23801.12,0.49,82.0
BORR_00277,Arjun Nair,PMEGP,Small Business,Jharkhand,250000.0,small,5302.59,193990.97,25000.0,0.85,0.79,-0.32,1,21,14409.09,11077.88,0.78,71.0
BORR_00278,Vikram Das,PMEGP,Micro Enterprise,Karnataka,2400000.0,large,55684.76,1747625.24,274431.83,0.92,0.84,-0.2,1,34,169624.4,169703.77,0.41,85.0
BORR_00279,Ananya Reddy,Stand-Up India,Micro Enterprise,Tamil Nadu,2400000.0,large,58349.23,1766560.89,44654.85,0.88,0.84,0.02,2,17,72493.39,76523.94,0.34,89.0
BORR_00280,Vikram Jain,Mudra,Agri-linked,Jharkhand,400000.0,small,8002.74,341376.25,25000.0,0.66,0.73,-0.19,3,46,15994.0,14264.06,0.78,71.0
BORR_00281,Neha Saha,PMEGP,Women-led,Bihar,4000000.0,large,54161.6,3395250.47,124948.29,0.71,0.76,-0.33,4,56,119777.55,116185.62,0.72,74.0
BORR_00282,Arjun Das,MSME,Micro Enterprise,Tamil Nadu,4000000.0,large,82980.56,3063411.61,65231.43,0.82,0.86,-0.1,2,37,96988.29,95980.38,0.34,89.0
BORR_00283,Pooja Patel,Mudra,Agri-linked,Tamil Nadu,250000.0,small,3064.34,183401.44,25000.0,0.87,0.88,0.1,1,29,7759.15,6353.6,0.34,89.0
BORR_00284,Arjun Patel,Mudra,Small Business,Bihar,400000.0,small,7050.39,328846.87,25000.0,0.73,0.7,-0.24,3,43,16454.68,16008.97,0.72,74.0
BORR_00285,Pooja Jain,Mudra,Micro Enterprise,Uttar Pradesh,800000.0,mid,17766.8,629282.79,26120.94,0.83,0.76,0.06,3,21,35091.34,38980.92,0.64,76.0
BORR_00286,Isha Jain,MSME,Women-led,Uttar Pradesh,400000.0,small,5389.18,306606.55,25000.0,0.85,0.85,-0.18,1,26,8991.96,7212.75,0.64,76.0
BORR_00287,Ananya Kumar,MSME,Agri-linked,West Bengal,400000.0,small,6294.8,304779.79,25000.0,0.87,0.84,-0.35,1,41,10935.56,8276.32,0.49,82.0
BORR_00288,Rahul Kumar,PMEGP,Small Business,Jharkhand,1200000.0,mid,15836.69,985558.55,48954.06,0.75,0.77,-0.24,3,39,36640.65,34934.03,0.78,71.0
BORR_00289,Isha Das,Mudra,Small Business,Karnataka,800000.0,mid,15815.75,619527.24,64986.7,0.85,0.75,-0.32,3,38,45680.99,36592.9,0.41,85.0
BORR_00290,Ananya Jain,Stand-Up India,Micro Enterprise,Maharashtra,400000.0,small,6742.48,278144.77,25000.0,0.96,0.92,0.12,1,24,11827.03,11948.73,0.38,87.0
BORR_00291,Ravi Saha,MSME,Small Business,Jharkhand,4000000.0,large,98804.36,3103471.43,243127.56,0.79,0.82,-0.34,2,39,201237.11,165715.67,0.78,71.0
BORR_00292,Vikram Sharma,Mudra,Small Business,Bihar,250000.0,small,4424.75,213584.81,25000.0,0.67,0.72,-0.11,3,38,9684.85,10143.41,0.72,74.0
BORR_00293,Vikram Nair,PMEGP,Small Business,Uttar Pradesh,1200000.0,mid,14614.43,932419.95,59425.42,0.8,0.79,-0.27,1,27,38537.38,37099.65,0.64,76.0
BORR_00294,Rahul Jain,MSME,Agri-linked,Maharashtra,400000.0,small,6735.44,285221.49,25000.0,0.95,0.88,-0.12,1,25,14063.38,13014.88,0.38,87.0
BORR_00295,Rahul Kumar,Mudra,Agri-linked,Odisha,800000.0,mid,15023.07,588558.14,45863.79,0.88,0.93,-0.08,1,13,29916.73,32254.38,0.57,79.0
BORR_00296,Neha Jain,PMEGP,Women-led,Karnataka,800000.0,mid,14325.19,621100.1,76952.78,0.8,0.85,-0.18,2,32,43856.72,32699.68,0.41,85.0
BORR_00297,Ravi Reddy,Stand-Up India,Small Business,Uttar Pradesh,4000000.0,large,88825.08,3200261.35,213778.75,0.76,0.8,-0.2,2,20,133766.89,111349.6,0.64,76.0
BORR_00298,Arjun Jain,Mudra,Agri-linked,Maharashtra,4000000.0,large,82069.03,2910393.92,405155.79,0.88,0.85,-0.33,0,21,259850.5,271712.75,0.38,87.0
BORR_00299,Pooja Das,MSME,Micro Enterprise,West Bengal,800000.0,mid,17980.78,560194.74,44387.88,0.97,0.91,-0.08,0,21,25229.51,26971.72,0.49,82.0
BORR_00300,Neha Das,Mudra,Small Business,Bihar,4000000.0,large,95517.0,3389121.12,156383.23,0.69,0.7,-0.19,4,56,113756.45,99774.91,0.72,74.0
BORR_00301,Aarav Saha,MSME,Women-led,Odisha,800000.0,mid,13228.46,613143.91,25000.0,0.85,0.87,-0.22,2,26,15232.54,12770.61,0.57,79.0
BORR_00302,Rahul Saha,PMEGP,Women-led,Jharkhand,2400000.0,large,51324.19,1941076.76,181485.76,0.76,0.76,-0.05,3,38,133650.07,112094.27,0.78,71.0
BORR_00303,Arjun Das,PMEGP,Micro Enterprise,West Bengal,4000000.0,large,48994.71,2919599.15,106518.89,0.92,0.84,-0.2,0,13,112898.41,108732.58,0.49,82.0
BORR_00304,Aarav Patel,MSME,Small Business,Tamil Nadu,4000000.0,large,61915.24,2844956.95,230603.37,0.94,0.92,0.14,1,23,195989.53,194341.53,0.34,89.0
BORR_00305,Vikram Yadav,MSME,Small Business,Karnataka,400000.0,small,5692.81,298484.36,25000.0,0.86,0.91,-0.06,1,11,14082.96,10799.96,0.41,85.0
BORR_00306,Pooja Singh,Stand-Up India,Micro Enterprise,Jharkhand,400000.0,small,7463.88,306090.52,27528.06,0.85,0.85,-0.01,3,36,17845.87,18968.8,0.78,71.0
BORR_00307,Diya Patel,MSME,Agri-linked,Bihar,800000.0,mid,15431.05,643222.16,74120.33,0.78,0.74,-0.41,3,38,41625.28,43646.41,0.72,74.0
BORR_00308,Rahul Saha,Mudra,Micro Enterprise,Odisha,800000.0,mid,10924.82,602704.91,25000.0,0.86,0.85,0.03,1,24,12906.33,11407.85,0.57,79.0
BORR_00309,Ravi Jain,Mudra,Agri-linked,Karnataka,400000.0,small,9489.22,291782.61,25000.0,0.87,0.95,-0.17,1,30,12894.33,12627.77,0.41,85.0
BORR_00310,Isha Patel,MSME,Small Business,Jharkhand,400000.0,small,7469.51,343508.85,27448.32,0.66,0.76,-0.42,3,35,17270.83,16638.09,0.78,71.0
BORR_00311,Rahul Nair,Mudra,Women-led,Uttar Pradesh,1200000.0,mid,21642.12,966057.06,74902.19,0.78,0.8,-0.41,2,41,43389.05,31332.33,0.64,76.0
BORR_00312,Ananya Kumar,Mudra,Micro Enterprise,Uttar Pradesh,2400000.0,large,32034.77,1780305.24,52242.49,0.88,0.86,-0.1,1,18,84196.96,86167.23,0.64,76.0
BORR_00313,Neha Yadav,Stand-Up India,Micro Enterprise,West Bengal,800000.0,mid,16052.93,632785.52,64325.74,0.77,0.77,0.04,2,42,42437.22,40691.44,0.49,82.0
BORR_00314,Pooja Sharma,MSME,Women-led,Jharkhand,1200000.0,mid,27700.33,963336.91,88084.38,0.79,0.74,-0.21,3,34,61183.31,48588.67,0.78,71.0
BORR_00315,Rahul Das,MSME,Women-led,Tamil Nadu,400000.0,small,7009.22,308182.29,33899.39,0.83,0.78,-0.35,2,25,19769.43,19449.25,0.34,89.0
BORR_00316,Ananya Kumar,Mudra,Women-led,Tamil Nadu,4000000.0,large,84002.66,2824226.37,334160.62,0.96,0.93,-0.2,0,7,233120.48,188241.58,0.34,89.0
BORR_00317,Vikram Reddy,MSME,Agri-linked,Bihar,4000000.0,large,51283.3,3261230.31,114419.72,0.77,0.75,0.07,3,47,126553.23,98742.3,0.72,74.0
BORR_00318,Aarav Patel,Mudra,Agri-linked,Bihar,2400000.0,large,36898.79,1792869.59,124810.22,0.89,0.82,-0.1,0,29,67707.8,73068.07,0.72,74.0
BORR_00319,Aarav Kumar,Mudra,Small Business,Odisha,2400000.0,large,42416.29,1922194.66,221970.59,0.75,0.83,0.0,2,46,116397.82,125853.69,0.57,79.0
BORR_00320,Pooja Sharma,PMEGP,Agri-linked,Maharashtra,800000.0,mid,17989.32,620946.42,34908.22,0.85,0.77,-0.38,2,22,20567.72,17774.02,0.38,87.0
BORR_00321,Arjun Patel,Mudra,Micro Enterprise,Odisha,800000.0,mid,9742.46,590894.08,25000.0,0.87,0.82,-0.36,2,26,18108.74,13999.1,0.57,79.0
BORR_00322,Neha Yadav,MSME,Agri-linked,West Bengal,400000.0,small,7729.66,303992.95,25000.0,0.87,0.84,-0.1,3,35,15812.15,15858.93,0.49,82.0
BORR_00323,Vikram Yadav,Mudra,Small Business,Uttar Pradesh,1200000.0,mid,23283.96,989955.29,79118.13,0.73,0.73,-0.12,3,39,43821.51,40213.21,0.64,76.0
BORR_00324,Diya Saha,Stand-Up India,Women-led,Tamil Nadu,400000.0,small,8518.52,301198.91,35391.76,0.83,0.86,-0.04,2,19,27213.9,21415.78,0.34,89.0
BORR_00325,Ananya Patel,PMEGP,Small Business,West Bengal,250000.0,small,5093.83,206394.99,25000.0,0.71,0.76,-0.05,3,36,7340.61,5409.57,0.49,82.0
BORR_00326,Pooja Patel,Mudra,Women-led,Tamil Nadu,250000.0,small,5721.44,178920.84,25000.0,0.89,0.96,-0.05,1,23,17480.6,19305.02,0.34,89.0
BORR_00327,Isha Yadav,MSME,Agri-linked,Karnataka,400000.0,small,6889.81,282963.96,25000.0,0.94,0.89,0.11,1,17,13974.81,10352.48,0.41,85.0
BORR_00328,Ravi Saha,PMEGP,Women-led,Tamil Nadu,400000.0,small,5239.74,299134.01,25822.39,0.89,0.9,-0.05,1,35,15818.7,12633.79,0.34,89.0
BORR_00329,Diya Saha,MSME,Micro Enterprise,Maharashtra,250000.0,small,6241.02,171427.4,25000.0,0.99,0.96,0.14,1,20,8744.48,7468.76,0.38,87.0
BORR_00330,Aarav Reddy,PMEGP,Small Business,Tamil Nadu,1200000.0,mid,27144.79,926006.28,41780.86,0.85,0.76,-0.21,1,22,42808.83,38855.13,0.34,89.0
BORR_00331,Rahul Kumar,Mudra,Micro Enterprise,Karnataka,400000.0,small,5189.07,296655.02,25000.0,0.88,0.93,-0.29,0,8,7820.81,6279.4,0.41,85.0
BORR_00332,Ravi Reddy,PMEGP,Micro Enterprise,Tamil Nadu,2400000.0,large,36054.19,1719437.65,118723.24,0.9,0.9,-0.02,0,6,109959.14,85632.74,0.34,89.0
BORR_00333,Vikram Das,Stand-Up India,Women-led,Karnataka,4000000.0,large,73195.98,2899648.3,109132.27,0.91,0.93,-0.3,1,18,111008.7,107633.97,0.41,85.0
BORR_00334,Arjun Patel,MSME,Agri-linked,Bihar,4000000.0,large,93521.09,3117611.54,188896.66,0.84,0.78,-0.05,1,29,138271.11,118750.68,0.72,74.0
BORR_00335,Isha Yadav,Stand-Up India,Micro Enterprise,Odisha,1200000.0,mid,26521.97,973289.79,60952.75,0.75,0.78,0.0,3,48,47428.53,37851.13,0.57,79.0
BORR_00336,Pooja Patel,Stand-Up India,Micro Enterprise,Uttar Pradesh,250000.0,small,4600.85,193846.67,25000.0,0.84,0.79,0.03,2,26,9325.23,9558.16,0.64,76.0
BORR_00337,Vikram Singh,Mudra,Women-led,Karnataka,2400000.0,large,56564.37,1872616.33,286023.7,0.81,0.84,-0.14,3,28,174591.67,190816.32,0.41,85.0
BORR_00338,Vikram Reddy,Mudra,Micro Enterprise,West Bengal,800000.0,mid,11068.72,620554.96,37276.74,0.8,0.8,-0.28,1,37,19039.17,20768.87,0.49,82.0
BORR_00339,Arjun Das,Stand-Up India,Women-led,Karnataka,4000000.0,large,55436.06,2908505.41,249703.45,0.92,0.86,-0.33,1,30,161948.4,127947.21,0.41,85.0
BORR_00340,Isha Kumar,Stand-Up India,Small Business,Maharashtra,250000.0,small,3821.1,185975.13,25000.0,0.87,0.88,0.0,2,25,4919.93,4283.35,0.38,87.0
BORR_00341,Isha Singh,Mudra,Small Business,Odisha,1200000.0,mid,21549.85,924723.15,63614.32,0.8,0.84,0.07,1,20,33985.49,27706.97,0.57,79.0
BORR_00342,Vikram Jain,Mudra,Women-led,Karnataka,2400000.0,large,43348.54,1874762.95,205844.34,0.79,0.82,-0.18,2,43,117051.83,102905.68,0.41,85.0
BORR_00343,Diya Patel,MSME,Micro Enterprise,Bihar,2400000.0,large,49841.27,1991656.97,185660.16,0.7,0.77,-0.31,3,39,125713.51,96718.99,0.72,74.0
BORR_00344,Ananya Saha,Stand-Up India,Agri-linked,Uttar Pradesh,4000000.0,large,76660.32,3081730.12,70425.31,0.85,0.77,-0.38,2,23,93126.81,94043.11,0.64,76.0
BORR_00345,Isha Kumar,MSME,Micro Enterprise,Uttar Pradesh,250000.0,small,3614.7,204516.22,25000.0,0.76,0.76,-0.33,1,42,8243.95,6630.71,0.64,76.0
BORR_00346,Isha Jain,PMEGP,Women-led,West Bengal,2400000.0,large,46452.38,1958927.18,128638.5,0.74,0.71,-0.41,3,38,118766.92,96648.98,0.49,82.0
BORR_00347,Neha Jain,MSME,Small Business,Bihar,250000.0,small,4079.67,196436.77,25000.0,0.77,0.84,-0.1,2,21,7043.44,6816.97,0.72,74.0
BORR_00348,Pooja Reddy,MSME,Small Business,Jharkhand,1200000.0,mid,25929.44,946575.41,63641.42,0.78,0.87,-0.4,2,37,61392.54,68516.75,0.78,71.0
BORR_00349,Arjun Jain,Mudra,Small Business,Bihar,800000.0,mid,11079.45,620106.87,29298.85,0.84,0.76,0.1,2,44,33374.27,30074.41,0.72,74.0
BORR_00350,Rahul Jain,Stand-Up India,Women-led,Maharashtra,800000.0,mid,10560.55,565307.85,28818.05,0.94,0.87,0.13,1,14,18876.3,17146.93,0.38,87.0
BORR_00351,Ravi Jain,Mudra,Women-led,Maharashtra,400000.0,small,8167.09,291352.83,25000.0,0.88,0.87,-0.3,2,25,18230.01,19432.92,0.38,87.0
BORR_00352,Ravi Nair,PMEGP,Small Business,West Bengal,400000.0,small,9251.89,300156.1,35930.02,0.88,0.82,-0.23,1,23,24859.63,27248.35,0.49,82.0
BORR_00353,Ravi Sharma,Mudra,Women-led,Bihar,1200000.0,mid,27362.81,910686.4,54118.68,0.86,0.84,-0.24,2,21,65190.06,58249.77,0.72,74.0
BORR_00354,Rahul Nair,Mudra,Women-led,Jharkhand,250000.0,small,4267.89,201491.51,25000.0,0.74,0.75,-0.4,2,23,12023.22,11172.66,0.78,71.0
BORR_00355,Vikram Jain,MSME,Micro Enterprise,Uttar Pradesh,400000.0,small,7715.02,333882.7,25000.0,0.69,0.71,-0.04,2,29,13290.34,10059.02,0.64,76.0
BORR_00356,Vikram Singh,MSME,Women-led,Maharashtra,2400000.0,large,30897.71,1781463.98,48092.42,0.89,0.8,-0.05,1,12,47386.33,44883.84,0.38,87.0
BORR_00357,Aarav Reddy,Mudra,Micro Enterprise,Uttar Pradesh,2400000.0,large,36482.82,1856489.12,65497.43,0.84,0.75,-0.01,1,20,49134.58,35912.46,0.64,76.0
BORR_00358,Rahul Kumar,PMEGP,Agri-linked,Karnataka,4000000.0,large,59779.12,3101515.93,140251.19,0.8,0.84,-0.21,2,37,126628.07,108941.63,0.41,85.0
BORR_00359,Arjun Saha,Mudra,Women-led,Bihar,250000.0,small,4066.58,195490.61,25000.0,0.78,0.82,-0.15,2,21,7762.34,8098.93,0.72,74.0
BORR_00360,Arjun Singh,MSME,Micro Enterprise,Bihar,800000.0,mid,17727.66,624195.48,43380.25,0.79,0.76,-0.05,1,27,41851.7,45821.06,0.72,74.0
BORR_00361,Rahul Reddy,Mudra,Agri-linked,Karnataka,4000000.0,large,56383.38,3019905.07,148885.2,0.88,0.84,-0.03,1,24,77792.54,75079.01,0.41,85.0
BORR_00362,Ravi Saha,Mudra,Agri-linked,West Bengal,1200000.0,mid,25216.03,939153.64,98830.81,0.79,0.84,0.07,1,25,50756.23,54801.71,0.49,82.0
BORR_00363,Arjun Nair,Stand-Up India,Small Business,Odisha,800000.0,mid,13290.94,609275.33,25000.0,0.85,0.86,-0.35,1,18,19457.7,20448.5,0.57,79.0
BORR_00364,Vikram Jain,Mudra,Small Business,Tamil Nadu,2400000.0,large,35666.77,1763554.8,44370.11,0.9,0.82,-0.21,2,14,66194.38,69808.55,0.34,89.0
BORR_00365,Vikram Sharma,PMEGP,Women-led,Karnataka,1200000.0,mid,28696.16,921469.63,101222.69,0.84,0.81,-0.02,2,33,57701.07,58428.02,0.41,85.0
BORR_00366,Rahul Singh,Stand-Up India,Agri-linked,West Bengal,2400000.0,large,49331.32,1684918.12,148301.63,0.97,0.88,-0.3,1,15,108529.79,88972.86,0.49,82.0
BORR_00367,Vikram Nair,Mudra,Women-led,Tamil Nadu,250000.0,small,4002.52,187291.55,25000.0,0.85,0.8,-0.24,0,36,12976.76,11394.4,0.34,89.0
BORR_00368,Diya Saha,Mudra,Micro Enterprise,Karnataka,2400000.0,large,55544.38,1878273.89,130042.44,0.8,0.76,-0.21,2,29,149890.16,167734.45,0.41,85.0
BORR_00369,Neha Kumar,Stand-Up India,Women-led,Bihar,4000000.0,large,83778.37,3002142.88,158030.56,0.89,0.8,-0.07,1,21,191711.18,170024.31,0.72,74.0
BORR_00370,Arjun Jain,PMEGP,Small Business,Jharkhand,2400000.0,large,46441.1,1938954.81,57435.82,0.78,0.79,-0.07,2,46,53684.73,42080.77,0.78,71.0
BORR_00371,Ananya Patel,Mudra,Agri-linked,Maharashtra,400000.0,small,6015.83,276449.17,25000.0,0.98,0.98,-0.28,0,22,20271.8,17998.34,0.38,87.0
BORR_00372,Neha Kumar,Mudra,Micro Enterprise,West Bengal,800000.0,mid,13968.04,564919.07,27514.47,0.96,0.94,0.12,2,10,24793.22,24770.57,0.49,82.0
BORR_00373,Isha Singh,MSME,Women-led,Tamil Nadu,1200000.0,mid,29591.29,889921.15,84223.24,0.86,0.9,-0.24,2,17,70387.24,52102.69,0.34,89.0
BORR_00374,Aarav Reddy,PMEGP,Micro Enterprise,Uttar Pradesh,4000000.0,large,56493.51,3092756.23,69889.42,0.81,0.8,-0.35,1,19,69732.01,67680.69,0.64,76.0
BORR_00375,Isha Nair,MSME,Agri-linked,Tamil Nadu,4000000.0,large,87128.35,2757740.73,246738.35,0.96,0.94,-0.17,0,10,142821.02,135508.35,0.34,89.0
BORR_00376,Isha Saha,Mudra,Women-led,Bihar,800000.0,mid,19072.35,640375.83,55016.5,0.79,0.76,-0.21,1,27,51295.26,48932.37,0.72,74.0
BORR_00377,Ravi Patel,MSME,Agri-linked,Maharashtra,400000.0,small,5805.86,303332.83,25000.0,0.83,0.9,0.07,1,16,11787.91,9621.44,0.38,87.0
BORR_00378,Arjun Das,MSME,Women-led,Karnataka,250000.0,small,3458.6,188898.41,25000.0,0.83,0.8,-0.05,1,11,4286.69,4783.53,0.41,85.0
BORR_00379,Ravi Yadav,MSME,Micro Enterprise,Uttar Pradesh,250000.0,small,3507.65,204426.84,25000.0,0.78,0.78,-0.1,3,52,5522.03,5008.88,0.64,76.0
BORR_00380,Aarav Nair,Stand-Up India,Small Business,Maharashtra,1200000.0,mid,21364.49,899929.02,27608.6,0.87,0.85,-0.06,0,22,37340.95,28814.88,0.38,87.0
BORR_00381,Isha Singh,Mudra,Agri-linked,Karnataka,400000.0,small,7522.72,290369.34,29193.97,0.9,0.89,-0.27,1,26,22178.91,21313.66,0.41,85.0
BORR_00382,Rahul Sharma,MSME,Micro Enterprise,Jharkhand,800000.0,mid,10909.93,677724.86,32000.84,0.71,0.75,-0.28,3,49,22768.25,22609.17,0.78,71.0
BORR_00383,Neha Singh,Mudra,Small Business,Karnataka,4000000.0,large,67661.24,2903119.19,273991.83,0.87,0.9,0.11,1,20,181380.03,148809.99,0.41,85.0
BORR_00384,Aarav Reddy,PMEGP,Agri-linked,Uttar Pradesh,2400000.0,large,47707.11,2016485.09,48807.59,0.68,0.77,-0.26,2,54,78829.3,71429.97,0.64,76.0
BORR_00385,Ananya Saha,MSME,Agri-linked,Odisha,250000.0,small,3840.42,180203.14,25000.0,0.92,0.88,-0.09,0,12,10257.69,11346.25,0.57,79.0
BORR_00386,Ananya Kumar,Stand-Up India,Agri-linked,Tamil Nadu,1200000.0,mid,23635.46,856378.97,58705.36,0.89,0.91,-0.08,2,2,72389.74,77109.81,0.34,89.0
BORR_00387,Ravi Yadav,MSME,Women-led,Tamil Nadu,4000000.0,large,85165.38,2843396.92,237726.58,0.93,0.94,0.09,2,20,234408.82,257467.58,0.34,89.0
BORR_00388,Ananya Patel,Stand-Up India,Women-led,Odisha,2400000.0,large,37284.98,1778023.09,95766.73,0.89,0.88,-0.08,0,29,69435.94,68465.39,0.57,79.0
BORR_00389,Pooja Singh,Stand-Up India,Women-led,Odisha,4000000.0,large,54997.97,2906745.75,116966.04,0.92,0.93,-0.04,0,17,152795.7,157674.22,0.57,79.0
BORR_00390,Ananya Patel,Mudra,Women-led,Karnataka,250000.0,small,3044.31,182538.72,25000.0,0.9,0.84,-0.32,2,30,9104.98,9828.96,0.41,85.0
BORR_00391,Neha Kumar,Mudra,Agri-linked,Maharashtra,250000.0,small,4248.14,187561.9,25000.0,0.89,0.81,-0.19,2,16,5581.29,5870.9,0.38,87.0
BORR_00392,Diya Kumar,Mudra,Women-led,Bihar,800000.0,mid,15131.47,661626.76,41531.77,0.76,0.74,-0.03,2,38,26707.36,26413.66,0.72,74.0
BORR_00393,Rahul Singh,MSME,Agri-linked,Karnataka,2400000.0,large,50473.2,1739332.43,297187.73,0.92,0.91,-0.31,1,12,149148.86,132798.43,0.41,85.0
BORR_00394,Isha Das,Stand-Up India,Women-led,Maharashtra,800000.0,mid,16039.4,577035.49,52151.6,0.88,0.89,-0.13,1,24,26759.89,20611.0,0.38,87.0
BORR_00395,Rahul Sharma,Mudra,Small Business,Odisha,800000.0,mid,14576.31,626195.6,48005.28,0.81,0.75,-0.37,1,34,32156.07,26158.84,0.57,79.0
BORR_00396,Diya Reddy,PMEGP,Agri-linked,West Bengal,800000.0,mid,19298.46,622541.31,47752.17,0.8,0.81,-0.09,2,19,60448.57,56695.25,0.49,82.0
BORR_00397,Neha Yadav,Stand-Up India,Small Business,Jharkhand,800000.0,mid,19040.45,681777.45,86208.16,0.7,0.74,-0.28,4,48,43866.21,47798.51,0.78,71.0
BORR_00398,Arjun Patel,MSME,Women-led,Karnataka,2400000.0,large,50705.75,1734438.61,126891.07,0.92,0.88,0.01,1,16,165088.13,135430.32,0.41,85.0
BORR_00399,Ravi Singh,Stand-Up India,Micro Enterprise,Jharkhand,1200000.0,mid,23443.81,943181.1,37176.28,0.82,0.79,-0.37,1,21,48929.29,37310.29,0.78,71.0
BORR_00400,Neha Reddy,Stand-Up India,Small Business,Jharkhand,1200000.0,mid,20650.99,913054.74,88603.01,0.87,0.82,-0.2,2,26,50944.32,37932.05,0.78,71.0
BORR_00401,Vikram Reddy,Stand-Up India,Agri-linked,Jharkhand,400000.0,small,8598.56,311886.3,25000.0,0.79,0.78,-0.26,2,18,25046.73,21012.82,0.78,71.0
BORR_00402,Pooja Nair,Stand-Up India,Micro Enterprise,Maharashtra,1200000.0,mid,16937.51,924258.22,68362.6,0.81,0.78,-0.11,2,37,39648.5,34026.04,0.38,87.0
BORR_00403,Pooja Yadav,Stand-Up India,Women-led,West Bengal,400000.0,small,7555.85,309549.43,31951.67,0.83,0.77,-0.31,3,31,21882.31,19007.38,0.49,82.0
BORR_00404,Ananya Yadav,Stand-Up India,Small Business,Karnataka,4000000.0,large,87266.95,2986821.54,470127.41,0.89,0.79,-0.14,2,34,245211.51,203728.51,0.41,85.0
BORR_00405,Arjun Reddy,Mudra,Micro Enterprise,Maharashtra,250000.0,small,4050.07,199080.57,25000.0,0.77,0.78,-0.1,3,32,7845.41,8773.17,0.38,87.0
BORR_00406,Aarav Kumar,MSME,Small Business,Karnataka,400000.0,small,7302.65,305182.44,25000.0,0.87,0.76,0.1,1,38,12401.51,9584.78,0.41,85.0
BORR_00407,Isha Nair,MSME,Small Business,Maharashtra,1200000.0,mid,14776.12,850319.14,56622.8,0.91,0.89,-0.12,1,24,46503.2,37144.67,0.38,87.0
BORR_00408,Diya Saha,MSME,Women-led,Uttar Pradesh,800000.0,mid,15715.2,608980.72,72438.52,0.86,0.84,0.02,2,35,37317.82,33050.77,0.64,76.0
BORR_00409,Vikram Kumar,Mudra,Small Business,West Bengal,4000000.0,large,56560.68,3055846.59,282774.9,0.81,0.85,-0.37,2,34,159567.62,132974.98,0.49,82.0
BORR_00410,Rahul Yadav,Mudra,Agri-linked,Odisha,800000.0,mid,16531.83,589128.38,28245.7,0.88,0.83,-0.28,1,17,21456.93,18863.16,0.57,79.0
BORR_00411,Ravi Nair,Stand-Up India,Women-led,Maharashtra,800000.0,mid,18789.07,581147.15,39315.69,0.88,0.9,-0.36,0,18,44546.39,49795.42,0.38,87.0
BORR_00412,Rahul Sharma,Mudra,Women-led,Jharkhand,4000000.0,large,97909.13,3104848.5,213899.7,0.79,0.77,-0.3,2,31,120233.79,132063.39,0.78,71.0
BORR_00413,Neha Jain,PMEGP,Small Business,West Bengal,250000.0,small,3250.86,186938.27,25000.0,0.84,0.82,-0.11,1,17,10793.61,10725.89,0.49,82.0
BORR_00414,Arjun Nair,MSME,Women-led,Maharashtra,400000.0,small,9625.87,281059.92,43709.95,0.93,0.95,-0.26,0,7,28867.42,25561.28,0.38,87.0
BORR_00415,Vikram Reddy,Mudra,Small Business,Odisha,1200000.0,mid,19631.8,904014.52,29100.57,0.83,0.92,-0.08,2,17,39552.15,32225.89,0.57,79.0
BORR_00416,Neha Jain,MSME,Women-led,Karnataka,4000000.0,large,80111.51,2851681.38,374434.2,0.93,0.86,-0.19,2,14,210207.84,205789.94,0.41,85.0
BORR_00417,Rahul Nair,MSME,Small Business,Karnataka,2400000.0,large,50243.62,1879811.73,98525.29,0.82,0.8,-0.09,2,35,56798.19,45319.81,0.41,85.0
BORR_00418,Diya Nair,MSME,Women-led,West Bengal,1200000.0,mid,20952.17,908581.94,40960.94,0.87,0.87,0.04,1,32,29941.69,26538.14,0.49,82.0
BORR_00419,Ravi Jain,Mudra,Small Business,West Bengal,2400000.0,large,48100.64,1866603.36,153403.46,0.79,0.85,-0.01,3,14,127024.0,120509.67,0.49,82.0
BORR_00420,Diya Singh,Mudra,Agri-linked,Bihar,2400000.0,large,59735.82,1860760.56,115835.09,0.81,0.85,-0.15,2,25,140229.23,133251.05,0.72,74.0
